{"name":"iliketurtles_movie-dataset","title":"Movie Dataset","description":"Scraped Movies Dataset\n========\n\nI scraped the data for [Hydra Movies entire collection of full movies](https://hydramovies.com/) - 3,940 movies in total. Much of the metadata is available via their API however they do not provide director, writer, cast & short summaries in their public datasets so I decided to scrape it. Each movie includes the following metadata:\n\n*   Movie title\n*   Year of Release\n*   Full Summary\n*   Short Summary\n*   Genres\n*   Films IMDB Unique Identifier\n*   Movie Runtime\n*   YouTube Trailer ID\n*   Rating\n*   Movie Poster (via URL path)\n*   Director\n*   Writer\n*   Cast\n\nHopefully webmasters & movie enthusiasts will find this data useful.","homepage":"https://data.world/iliketurtles/movie-dataset","resources":[{"name":"hydra_movie_scrape","schema":{"fields":[{"name":"title","title":"Title","type":"string","rdfType":"http://www.w3.org/2001/XMLSchema#string","dwSourceId":"title"},{"name":"year","title":"Year","type":"gyear","rdfType":"http://www.w3.org/2001/XMLSchema#gYear","dwSourceId":"year"},{"name":"summary","title":"Summary","type":"string","rdfType":"http://www.w3.org/2001/XMLSchema#string","dwSourceId":"summary"},{"name":"short_summary","title":"Short Summary","type":"string","rdfType":"http://www.w3.org/2001/XMLSchema#string","dwSourceId":"short_summary"},{"name":"genres","title":"Genres","type":"string","rdfType":"http://www.w3.org/2001/XMLSchema#string","dwSourceId":"genres"},{"name":"imdb_id","title":"IMDB ID","type":"string","rdfType":"http://www.w3.org/2001/XMLSchema#string","dwSourceId":"imdb_id"},{"name":"runtime","title":"Runtime","type":"integer","rdfType":"http://www.w3.org/2001/XMLSchema#integer","dwSourceId":"runtime"},{"name":"youtube_trailer","title":"YouTube Trailer","type":"string","rdfType":"http://www.w3.org/2001/XMLSchema#string","dwSourceId":"youtube_trailer"},{"name":"rating","title":"Rating","type":"number","rdfType":"http://www.w3.org/2001/XMLSchema#decimal","dwSourceId":"rating"},{"name":"movie_poster","title":"Movie Poster","type":"string","rdfType":"http://www.w3.org/2001/XMLSchema#anyURI","dwSourceId":"movie_poster"},{"name":"director","title":"Director","type":"string","rdfType":"http://www.w3.org/2001/XMLSchema#string","dwSourceId":"director"},{"name":"writers","title":"Writers","type":"string","rdfType":"http://www.w3.org/2001/XMLSchema#string","dwSourceId":"writers"},{"name":"cast","title":"Cast","type":"string","rdfType":"http://www.w3.org/2001/XMLSchema#string","dwSourceId":"cast"}]},"path":"data/hydra_movie_scrape.csv","format":"csv"},{"name":"original/Hydra-Movie-Scrape.csv","path":"original/Hydra-Movie-Scrape.csv","format":"csv","mediatype":"text/csv","bytes":3567170}]}